baseMean,log2FoldChange,lfcSE,stat,pvalue,padj,gene
17376.08572980065,-1.2130101138077736,0.43573777049864715,-2.7838075923958483,0.005372489411594423,0.07509546310873093,MUC5AC
5725.422773437451,-0.5388015203162594,0.13666137414832652,-3.942602828883214,8.060207375207484e-05,0.007464897362928505,HLA-A
4202.6295165290885,-0.39347887446564855,0.11942915434729032,-3.2946634899669793,0.0009853960481620817,0.030940359951076166,GRN
3772.284866727091,-0.48498205171837483,0.15515372196022506,-3.1258164199419203,0.0017731220251436153,0.04174003569668166,VIM
3455.6528067617182,0.40207907925173797,0.08588086761942067,4.6818236750185545,2.8433400531800676e-06,0.0011464492906732454,SRP9
3279.3646971502226,0.6617254933027733,0.19426748970133204,3.4062595564503044,0.0006585953361926562,0.02436802743912828,ADAM28
3225.1623790444796,0.41935820499556514,0.09468719859672586,4.4288796290364205,9.472386854354284e-06,0.0023513598098635377,EIF4A2
2805.127232411071,-0.6759272972486899,0.15811076166544538,-4.275023977677869,1.9111672526268525e-05,0.0035777506008996735,FLNA
2744.99181011666,-0.45298110291681243,0.13020188158316331,-3.479067256239931,0.0005031622898350631,0.0209318174805724,MYH9
2656.940417440378,-0.6010008208259436,0.20282146788130542,-2.9632012188061845,0.0030445747268074905,0.055411964790564566,LMNA
2601.013259826532,-1.2860313165255983,0.4772657963502086,-2.6945809365771796,0.007047720769319725,0.0871954438218353,HP
2329.0238604184397,-0.6953353800144583,0.21506103855188752,-3.233200140278759,0.0012241177038959559,0.035445765898262135,HLA-DRB1
2270.7473154434756,-1.1234426965015316,0.2209883129029771,-5.083719956696393,3.701135154629937e-07,0.00031506235556169647,VWF
2264.3352544332793,-0.4321772485802552,0.12322108763737254,-3.507331876927674,0.00045262426382336435,0.01971611232305375,MAT2A
1939.0267309090143,-0.4929664463087244,0.18836169878779369,-2.6171267804507075,0.00886733995766889,0.09945714752806227,SPARCL1
1691.484093173793,-1.1207073274722221,0.275139422826999,-4.073234275034791,4.6364744253396534e-05,0.005927525230769597,IGFBP7
1515.8442773977379,-3.660839657883663,0.7204847923046478,-5.0810783197429705,3.752983332987722e-07,0.00031506235556169647,PRB3
1671.4843417901095,-0.5377634181729686,0.19253554913492063,-2.7930604015164344,0.005221194163654685,0.07416203341038782,TSC22D3
1568.4399784275834,-1.0266021492523105,0.34480349476408,-2.9773542462344467,0.0029074785276925964,0.05417073441702142,MYH11
1392.4742952201595,0.48458092776340095,0.11277036585802931,4.29705910836059,1.7307905473193822e-05,0.0033561536689579764,PTEN
1290.649788114537,0.5144644386724841,0.10930605539350409,4.706641702698001,2.518309549603619e-06,0.0011464492906732454,CXADR
1245.8815510577842,-0.9514696585258988,0.3324439666793592,-2.8620451982621997,0.004209168765752131,0.06618917884145226,HLA-DRB5
1260.9249137862705,-0.6610770725057121,0.2145165182056444,-3.0817070780161386,0.002058172634831654,0.04565037793376672,TAGLN
233.34714386570695,-1.1608282390919993,0.400056599269248,-2.9016600181384167,0.0037119114791522114,0.06204524877811714,KRT13
1212.2596243909225,-0.4915835801575444,0.12159304424807352,-4.0428593855633554,5.280328987495459e-05,0.006307699815532422,PLEC
1168.5897618931851,-0.48626440775761864,0.14386061615534523,-3.380107918017917,0.0007245737354292403,0.026013520524257545,PODXL
1175.6017321093227,-0.38560756708420374,0.11959036672232218,-3.2244032496325477,0.0012623550409139154,0.03598924098785848,B4GALT1
1144.799737700696,-0.7983682480965479,0.176190554641197,-4.531277228353039,5.862814037096e-06,0.0017394858628931057,ENG
1041.1243389909457,0.4634283514265045,0.17692734925283202,2.619314387422704,0.00881067058952867,0.09917522907683489,FMO2
1094.9551469631801,-0.6239347819580495,0.2065596587302637,-3.02060327652272,0.0025227165864170576,0.0501513505959649,HLA-DPB1
1025.4833559041058,-0.6920740817811878,0.1958484811656933,-3.533721975590271,0.00040975185366698457,0.018804209653735672,CAVIN1
1097.2114072036563,-1.0003044961485241,0.33417827343638606,-2.9933259450481344,0.0027595486131187573,0.05234487568310309,ATP2A3
1012.7183418555,-0.8851954947531707,0.2745490866138187,-3.2241793468367583,0.0012633425135324568,0.03598924098785848,IGFBP4
973.2511355320256,-0.41043458781644726,0.12381927892353807,-3.3147874174739966,0.0009171284196257901,0.02985889109444213,TCIRG1
966.113501387665,-0.5942116405684197,0.1803615166151535,-3.2945589043605072,0.0009857628194269736,0.030940359951076166,TGFBI
930.0107626227139,0.6726986655185857,0.17922832730840405,3.753305493729521,0.00017451795657240758,0.01157930323671354,CHL1
907.582752581051,-0.39304877114051723,0.11017598385299944,-3.5674632292363855,0.00036045394147274254,0.01741112450254141,UBA7
872.3591920378276,0.39192392313218477,0.11660320092042233,3.361176365987237,0.0007761125071272717,0.02712082038794744,IRF2BP2
841.5741163240501,0.40411855956430903,0.12244959654889072,3.3002849413469137,0.0009658670839405698,0.030621491723720685,BROX
812.8770452027367,0.3831590106019679,0.08183551580187946,4.6820626331674955,2.840026713807857e-06,0.0011464492906732454,SSBP2
783.2829996701591,0.41107934633320314,0.0950887062089649,4.323114307916063,1.5384197274866114e-05,0.003101493617272688,ARF6
847.5216269334746,-0.6571731024051327,0.17199998122797233,-3.8207742681907733,0.0001330333720625745,0.00994373800017196,CST3
810.7608992428719,-0.4575421315818687,0.13578057717183764,-3.3697170914425003,0.0007524539370345192,0.026446154284831214,HLA-H
788.6771435656151,-0.5371272767683563,0.1416304273980047,-3.7924567950285195,0.00014916420836306237,0.010613607133525592,VIM-AS1
768.6202932352968,1.0509352816081206,0.2827905021180386,3.716303319018308,0.00020215887372980143,0.012650273802137384,GJB2
733.5112855865862,0.3928599949470949,0.09903089682911771,3.96704470550229,7.276934677107668e-05,0.0073352434485588515,ANP32E
764.0871135552887,-0.7886534327938618,0.2479227385864995,-3.181045180810243,0.0014674474193607145,0.038459351115745395,ACKR1
745.6291524014406,-0.6286647984356759,0.22394215460061653,-2.807264222124016,0.004996424102317943,0.07241070933366248,CD14
687.3128705747295,-1.9267608725496335,0.5148524990372249,-3.7423550942312214,0.00018230365948012386,0.011680666601982215,MUC2
740.7245827727994,-0.3959314704725412,0.10692235678530886,-3.7029811386176084,0.00021308072960025712,0.013088650285015794,TRNL1
771.4022357577169,-0.7572201799634751,0.27647791225160273,-2.738808947871334,0.006166219468803762,0.08100568182701684,IFI30
728.4446917665779,-0.43146582066346406,0.10908320912712426,-3.955382538852877,7.64122847046777e-05,0.007449617005175218,PCSK7
706.6470476365732,-0.605140308545285,0.18068973749586217,-3.3490574336527708,0.0008108698505655508,0.02796256228101598,LTBP4
705.7870254110928,0.41229957500424735,0.08005446669622812,5.150238231787177,2.601557960077661e-07,0.0003146884532478555,SCOC
683.7759492339038,0.4647095777376752,0.12507003368815406,3.7155948873921982,0.00020272616840309195,0.012650273802137384,HPS3
684.7020329395434,-0.4285839215436799,0.1321393177767132,-3.2434246578137618,0.0011810204117680943,0.03467245007423828,PML
664.1433293369521,0.5078767560652256,0.08401504676783016,6.045069015657496,1.4934605844881381e-09,1.1742333845537986e-05,ATP13A3
668.9734138570719,-0.5388271389228643,0.12528554976170106,-4.300792389447454,1.701884510451835e-05,0.0033452667408568884,TLN1
665.455333396108,-0.40302213918862617,0.11027056861490223,-3.6548477463293025,0.00025733464777570576,0.01476856692070428,MAP2K3
617.6846829905104,0.41476887951170066,0.11294150553011312,3.6724220875656077,0.000240262414944863,0.014045079832743385,PAN3
624.9904964307677,-0.4798022177451148,0.1759479599927121,-2.726955275667809,0.00639217024895528,0.08250354396348775,SLC38A10
617.1549471498178,0.6005162640853609,0.18657585593944753,3.218617227087818,0.0012881030679200672,0.03611319190578333,VTCN1
596.7360486639318,0.40319765998315665,0.08205645333569926,4.913661797368258,8.939089718264025e-07,0.0005206192067396362,SINHCAF
581.038567823399,0.39224502647151094,0.07363709597845516,5.326731333705426,9.999590175001123e-08,0.00015724355550189267,ERBIN
571.5048787479946,-0.680046111100087,0.21081963407910753,-3.2257247484117526,0.0012565413697407405,0.03593088677598184,C2
589.5924876272919,-0.5583909127991301,0.19440893653554797,-2.87224920186232,0.004075614367653842,0.06553071158625427,ALDH1A3
558.8302116072481,0.3810920986392535,0.12678286610957046,3.005864359541293,0.002648271025843862,0.051553983574393704,COL4A5
571.4957264569957,-0.7283592815327906,0.15824067290787872,-4.602857584894193,4.167332045369336e-06,0.0014245934002920175,HSPG2
568.2498514158669,-0.5530387672984116,0.1806845229047049,-3.060797673246704,0.0022074820854712358,0.04697247062792311,MYADM
567.2243609362756,-0.796554476928616,0.1701274219355158,-4.682105141348335,2.839437693305981e-06,0.0011464492906732454,MCAM
543.1771101134394,-0.6433702692449029,0.2144611184008865,-2.9999389821434574,0.0027003369565458003,0.05190246926544381,XAF1
530.6606330722251,0.3887228279760529,0.1293316379200085,3.005628276481564,0.002650327796053457,0.051553983574393704,PLEKHA5
543.1844292600739,-0.6981600538231874,0.2111035761562192,-3.307191979100063,0.0009423628497356572,0.030127040412722926,TPM2
507.79807009154473,0.38988479872718307,0.09585529096832907,4.067431174519124,4.7534241404833626e-05,0.006009745754321436,RMND5A
500.3345492543676,0.5580955558915625,0.1241148465533436,4.496605937080197,6.904678492174006e-06,0.0020106679498043747,TMTC3
511.48406463485753,-0.3970626469907808,0.13190606886799022,-3.010192407357357,0.0026108224223378627,0.051254909602076015,HYAL2
502.4445474398021,-0.6225252421865609,0.1576053519928318,-3.949899126616427,7.818413621083769e-05,0.007449617005175218,KLHL21
493.44840381880357,0.48213500507120804,0.1314495072476891,3.6678342518448965,0.0002446136636552774,0.014124938891593287,NCK1
510.5191579041187,-0.3962364807298991,0.09226394742371632,-4.294597096634162,1.7501087494725218e-05,0.0033561536689579764,MAN2B2
468.797120340331,0.4345571960617344,0.07954344469291053,5.4631427861768875,4.677780400795258e-08,8.173121866945047e-05,ZBTB44
471.62247769601584,-0.6187697000277599,0.21006664480145712,-2.945587580610836,0.003223418775678201,0.05769589079597311,CPXM2
467.78556042202615,-0.42561506205105093,0.13677422022019056,-3.1118076298725024,0.0018594562462314374,0.04274846414033531,ADGRE5
463.7982045085237,-0.5442991954039329,0.19359555555514796,-2.8115273299695294,0.004930690169847956,0.07199173901658228,CD93
462.6187672462846,-0.7097555525024761,0.21065024823782116,-3.3693554051793573,0.0007534421061751595,0.026446154284831214,GGT5
466.77933549248024,-0.3871498565127024,0.09427933395830815,-4.1064127233218075,4.0185119767816814e-05,0.005726543279989466,RBCK1
470.5479621154319,-0.8954167193088428,0.2208862775824163,-4.053745344025494,5.040408438859525e-05,0.006192220523520783,MYL9
463.62668525866167,-0.6874814640978251,0.1819235989314558,-3.7789570354577835,0.0001574865911628669,0.010957861265646381,ITGA5
449.5405296535979,-0.4472994755045914,0.1487098190593773,-3.007867794701521,0.0026308756092808757,0.05146518902741603,PLEKHO2
436.4710798918077,0.5742558801929993,0.1518371724978366,3.782050671426863,0.00015554168910071947,0.010870635827150282,RASSF6
433.2384019626077,-0.4085041304067557,0.14906187115949424,-2.740500486336051,0.006134569120086146,0.08072476938356038,EHD2
444.99100363018357,-0.5946937494232428,0.19492565215857688,-3.050874745512944,0.00228175740160582,0.047833734730181814,ALDH1A3-AS1
420.40894670506754,-0.5483752245088636,0.19424765976900055,-2.8230724898358712,0.00475658155075618,0.07088463063667735,PARP10
425.78753605903364,-0.669060301835568,0.16277763430988917,-4.110271688565268,3.951938570017895e-05,0.005726543279989466,TNS2
420.02955710788575,-0.48664039123705227,0.1505364904891271,-3.232707163929806,0.0012262319013452846,0.035445765898262135,PDLIM7
408.1246476766926,0.38116530217858563,0.11912772696359523,3.1996354828046676,0.0013760149721740878,0.037369723812754746,MIER1
421.0789316356281,-0.4892117828517885,0.17887160316147915,-2.7349885292309084,0.00623824499087414,0.08165823442188906,FAM210B
416.537033135368,-0.9115066939306858,0.27032696347382895,-3.37186746825916,0.0007466036617563111,0.026382792317119083,COL4A2
408.50955733781683,-0.5511764097839742,0.18844267805089376,-2.9249022327899357,0.0034456445749986766,0.05973843543754596,KANK2
396.2875600287882,-0.5661522102544436,0.2005612729113821,-2.822839135572288,0.004760044867222799,0.07088463063667735,CDH5
348.6182977728891,1.0603898753869816,0.3864206729424887,2.744133400815231,0.006067087746331412,0.08042264132246109,IGHV2-5
386.58521258294354,0.4115460627648879,0.08808446592743943,4.67217526304699,2.9802648017120152e-06,0.001171616600173036,CNOT6L
392.25875870914297,-0.5016301719916729,0.16937611184263895,-2.9616347106711176,0.0030601059694107865,0.05556601197342335,ARID5A
395.9652565014034,-0.7022547603197667,0.26163658008418367,-2.684084771685254,0.007272866273309306,0.08861537587137533,THBD
392.1932613478013,-0.6434846449940474,0.2347852051012758,-2.740737623209593,0.0061301437683626185,0.08072476938356038,FKBP5
383.5931167889243,-0.4176450627210445,0.1512755146845617,-2.760823941613513,0.005765574793393897,0.07822576671796293,MATN2
382.79145354083533,-0.5509566997487149,0.11901772804623247,-4.6291985974954555,3.670835915385537e-06,0.0013424161574287807,SORBS3
367.69760558104895,0.653532968182432,0.18242962156746426,3.582384058943789,0.00034047274067669584,0.01701821133039959,CLIC6
386.4498015796707,-0.7519581156906231,0.22201430532999986,-3.3869804676456323,0.0007066641870724042,0.025467804506197844,STAB1
372.92287051651596,-0.4914993779906955,0.14043375880301234,-3.499866286995322,0.0004654915907393845,0.02005439798459403,NRP2
359.07604271786226,-0.416589440748693,0.12983701195243078,-3.208556901335048,0.0013340290903880226,0.03667413889222317,SLC12A7
349.0017726109423,-0.726935925736466,0.2775060490176591,-2.619531820332347,0.008805055765198593,0.09917522907683489,CSF2RB
339.22626604618824,0.7097916032354896,0.23105602469294137,3.071945880566227,0.0021266827931115707,0.046279123397476356,HMGB3
346.3422598699519,-0.40118702117828736,0.13482990146912957,-2.975504816119312,0.0029250675718141654,0.054239019305707105,USP19
354.89697831838794,-1.3265822674124128,0.3209561591354649,-4.133219536854274,3.577167399033093e-05,0.0055147997401760185,IGFBP7-AS1
341.11454715491385,0.6007200491014153,0.17466183486507308,3.439332064531864,0.0005831514619358046,0.022642115404791423,GLIS3
334.84627933355756,0.46067485077083437,0.13540392977077673,3.402226593797564,0.0006683919510233163,0.024614668453961704,USP31
339.7596326896122,-0.530414282959883,0.17710549602519596,-2.994905832196329,0.0027452958157115266,0.05220045550430926,ATP13A1
343.0599195347467,-0.47204527339518404,0.11858720742869513,-3.980575001557553,6.874876868356064e-05,0.007182383253785657,EHD1
320.6294205305518,-0.8519160294071739,0.22152984629489783,-3.845603848219682,0.00012025591884776486,0.009315390758034987,ALPL
324.3404846727733,0.499956555791836,0.14749800838213362,3.389581739277203,0.0006999933664933428,0.025362662875824463,ZC2HC1A
326.37696536028307,0.5237937494894127,0.08950543674176888,5.852088639046632,4.8543777787978005e-09,1.9083772642898853e-05,BAG4
333.293981161624,-0.4040805568131172,0.1392531662489345,-2.9017692573737732,0.0037106174314902114,0.06204524877811714,MAPK8IP3
335.1140675624872,-0.6559095304561693,0.15879849644906457,-4.130451768266934,3.620510508693285e-05,0.005527429878563292,LRP5
86.56371812665851,2.2824641352651467,0.6661840431716692,3.426176532836854,0.0006121423907645098,0.0231392766701248,SPRR3
321.3066326081244,-0.5087097407333858,0.16006695543253116,-3.178105932975085,0.001482405782560121,0.03859409094496342,TRPM4
256.21099844262716,-2.0209449615583144,0.7399718110719784,-2.7311107414086795,0.006312125767510749,0.08216736564081667,PRB4
322.4734572705481,-1.1195476921306489,0.37350594672070875,-2.9974025901327814,0.0027229086231524142,0.05196327439207732,HLA-DQA1
315.60512486228504,-0.4491252259494184,0.15145741164659263,-2.9653565386248464,0.003023323175010533,0.05515285026338821,NECTIN2
310.412344933345,-0.4001227938802348,0.11278328050142894,-3.547713740026966,0.0003885903121101865,0.018132292753509444,INTS1
302.7652222766314,-0.4303479509082703,0.15674962547709723,-2.745448032800236,0.006042833708198641,0.08025638518701321,FES
308.8895016142712,-0.5173303690590486,0.1303292183286021,-3.9694120450771946,7.205019586998267e-05,0.007309608581003081,RIPOR1
288.458918543465,0.49753207485321865,0.10307197694857709,4.827035335719222,1.3858054050376063e-06,0.0007029609675553664,ZNF22
307.7921278636681,-0.4098609850872183,0.1351983148650109,-3.0315539472251927,0.002432984401897257,0.04917568087382309,AP2A1
286.42157210900456,0.4881579088025002,0.1503310083664206,3.247220344672017,0.0011653812839927174,0.034382027562449305,PARD6B
308.3123163291057,-0.5803350280069681,0.16534582798450514,-3.509825648950468,0.00044840060901330106,0.01964094589619543,TECPR1
286.5640795526654,0.419072760678589,0.150347462032292,2.787361722066047,0.005313912726185485,0.07480206167850385,CCP110
295.11142915720035,-1.0374373301408422,0.33102332367691417,-3.1340309154571933,0.0017242268895667845,0.04112302664609493,ATP12A
292.3549430605013,-0.4526680457909578,0.10938518820885802,-4.138293796474912,3.498981413876815e-05,0.005447671557743852,MYBBP1A
287.51743969799264,-0.3813895982587056,0.13984181173637605,-2.727293028623552,0.006385630359022865,0.08250354396348775,TSPAN4
273.6559434565921,0.6441820317105283,0.14142510779836479,4.5549339982046435,5.240202904271427e-06,0.0016783216568478357,AEBP2
291.965012676847,-0.7424171956120474,0.18351465887609764,-4.045547097756917,5.220106902202197e-05,0.006307699815532422,PLBD2
275.0266622861713,0.3910408742820759,0.11397536666234105,3.430924468447276,0.0006015280639394261,0.022911476355272013,ACTR3C
292.14255823111534,-0.4558436318154095,0.1589622135348495,-2.8676225731813574,0.004135685706552047,0.06602401800561516,RHOG
280.24686723521506,-0.4829271894036822,0.13378636522654067,-3.6096891382461944,0.0003065641745614812,0.01597841224395001,TMEM129
287.4752929072535,-0.38847983560433386,0.10866198616616393,-3.575121800279608,0.0003500648853361074,0.017237784882283304,CHPF2
272.3274628614664,0.3913769489630431,0.08739599979265306,4.4782020903884,7.527432485279796e-06,0.00208479986967892,ASNSD1
276.6917863593312,-0.42146268682884536,0.09421003088672908,-4.473649810555521,7.689563907241803e-06,0.00208479986967892,OSBPL5
268.3563940241206,-0.439633187758,0.1405197340650879,-3.1286224008534242,0.0017562784486840222,0.0414676855939283,STAT5A
274.0386684954748,-0.5636405711759885,0.20654106199214123,-2.728951646416124,0.006353601942629777,0.0825018922338122,COL6A1
276.648231656092,-0.4975804724905297,0.16943467090921424,-2.936709882460486,0.003317142694290536,0.058741068544728235,SP110
269.1735188512038,-0.40219884902384956,0.10885602425194607,-3.6947780500688205,0.0002200789444255754,0.013343307659219797,TAF1C
281.89564761864915,-0.7457717254003574,0.20560458826139946,-3.627213437728373,0.00028649646046221807,0.01549020057559352,ID3
282.28194220490985,-0.7367373308558235,0.20359460877083288,-3.618648525635071,0.0002961455195621951,0.015748274994173295,PER1
260.19161704622775,-0.7931336900337379,0.2550482027088708,-3.1097403612723125,0.0018725186252085617,0.042985920264824284,CCDC3
261.89799187330823,-0.38557052244733836,0.14710031031467438,-2.621140102441203,0.008763623874978116,0.09899998953594172,SH3BP5
253.4982807614788,0.39890988409950145,0.11289511674165466,3.533455614491752,0.0004101649546093059,0.018804209653735672,SLX4IP
263.65686776175573,-0.40331008896535714,0.12385462662814142,-3.256318314020251,0.0011286713903610683,0.03361431366179507,RPS6KA2
174.347362806048,-0.9181034243186704,0.2385239519222436,-3.8491036934435954,0.00011855081810211103,0.009270081222033568,IFI6
248.01476036993608,0.5669230721793883,0.17624020105718385,3.2167636485811846,0.0012964535351007987,0.03611319190578333,KCNS3
263.54410202059216,-0.8078994898171705,0.25478601442928156,-3.1708941781080817,0.0015197049352916943,0.038906781388689755,CRISPLD2
254.5749797802382,0.3910338878015518,0.14569192797389682,2.683977714068086,0.007275195564384455,0.08861537587137533,SPATA6
221.63025082232483,-0.410973356226551,0.1058549825374329,-3.882418629479447,0.00010342262945018647,0.008613624840149414,IFI35
269.51511702220654,-0.6007772553625397,0.18524057948620212,-3.243227034966652,0.001181839951656071,0.03467245007423828,GRINA
258.5439012734114,-0.9101520311881085,0.28606360525391455,-3.181642174929045,0.001464426255182642,0.038444245179878204,LMOD1
260.75822700402875,-1.0137761288544593,0.34911736994643966,-2.9038260943876533,0.003686328580586696,0.06204524877811714,APOLD1
255.6142477033173,-0.8143030034907535,0.18551696738986528,-4.3893721148399845,1.136784054742497e-05,0.0025177365156092628,PLXND1
246.41778077598258,0.41251229545195967,0.12022001350273988,3.4313113385447944,0.0006006707810721038,0.022911476355272013,RWDD2B
259.85475561521645,-0.43940489460566695,0.15154539589116436,-2.8994935281388234,0.003737660611053971,0.062198618608280624,MSRB1
260.293884846346,-1.5146492985160593,0.37534779308198685,-4.035322243616378,5.452740841553993e-05,0.006351952186549366,DUOX2
248.17115467650308,0.45289596906633933,0.13191363647527776,3.4332763554071044,0.0005963339411193357,0.022911476355272013,TMEM68
256.7677090616807,-0.6487731360342472,0.22277407612047587,-2.9122470052726954,0.0035883875396997065,0.06120107815811051,FILIP1L
247.81338330037383,-0.5547623228551994,0.15233808661373352,-3.641652164516465,0.0002708939310675965,0.015221781540050475,SIRPA
238.42245541414198,0.4298979508918208,0.07719925341770975,5.56868016023068,2.5667614555312118e-08,5.766046269746901e-05,CBFB
242.89353629983012,-0.4483595142342318,0.1429193858593919,-3.13714974031123,0.001705989744804671,0.04089434258697173,MICAL1
245.0521090960445,0.5762389542773684,0.1695250079941834,3.3991383400916266,0.0006759851524023382,0.024722515554688452,NUAK2
239.41293416671252,-0.38202860442292347,0.10399285001520367,-3.673604525379112,0.0002391527817226745,0.01403237870369051,CRTC3
239.50332554898992,-0.5359699783266169,0.18383028409250826,-2.9155695481431265,0.0035503996634043845,0.06075085387054837,EGFL7
227.31984405591075,0.4113324215201326,0.1496830154256415,2.7480233502141833,0.005995573907744171,0.07976345152223104,TMTC2
228.32210853670932,0.42200022016127653,0.13014130595285273,3.242630900862158,0.0011843152979230788,0.03468036882651846,SMN2
244.30339116688356,-0.6352840506648888,0.1808007631426306,-3.513724387123987,0.0004418710319654936,0.019518039263082546,SLC9A1
223.94177026073362,0.39462693913913816,0.12444343906976264,3.1711349516619465,0.0015184458331699757,0.038906781388689755,OMA1
227.22038243508146,-0.7049213159563691,0.20468317119695345,-3.443963232707923,0.0005732536522239737,0.022479834616513684,ARHGEF40
233.69695410260127,-0.3950728847341478,0.11663526375632456,-3.387250750849568,0.0007059683203189912,0.025467804506197844,NFIC
221.59288312906162,0.39685655212223847,0.12490766191185351,3.177199429145487,0.0014870474141162509,0.03865094311897197,SIX4
217.71916353132636,0.3963067731258477,0.11483970600867288,3.4509560055467055,0.0005586046188034693,0.02237568514679532,PPP4R2
210.39725302654585,0.4358082913978342,0.15372248328579416,2.8350328597515455,0.004582097239827828,0.07002281739192673,ZNF516
225.4950051503089,-0.43716347345400614,0.10538188541252881,-4.1483739994087445,3.348450561981984e-05,0.005389014842528682,IRAK1
220.20948943765057,-0.6783447162412035,0.23447575411885874,-2.893027122528592,0.0038154834750486867,0.06289182308351722,ADAM8
232.23472329184472,-0.43629160240332493,0.15286876608409247,-2.854027108214655,0.00431688475634618,0.0671444241281342,KMT2D
218.39072510940503,-0.4435608649594382,0.16664398565872743,-2.661727413720245,0.007774080637686786,0.0924029445690259,LZTR1
226.77874058946918,-1.109332862604202,0.28754511320469156,-3.8579437161726813,0.00011434496985135933,0.009199197637975434,PLAUR
220.0439385818477,-0.9199278010393098,0.22015991964605758,-4.178452656224809,2.9349907480288814e-05,0.005016601033995017,LENG8
210.86122010918842,0.4819379499472154,0.17399457043971556,2.7698447642893202,0.005608301508887377,0.07689691232366562,RERG
207.45131177580194,0.5514374115472529,0.207926301012981,2.6520810924868337,0.007999732625731207,0.09437043926453355,KIF27
212.72697172857397,-0.5118131204759013,0.12803463753054778,-3.9974582686953584,6.402627401311572e-05,0.00686477297570717,PTPRS
214.08479530174054,-0.5782388141606067,0.16658422820452015,-3.471149822483114,0.0005182347659859618,0.02127509389490301,CLCN7
216.00800863448939,-0.4715134944043526,0.14994004173581632,-3.1446802931742934,0.0016626842398004397,0.04058485658673375,ANKRD52
204.74915775458027,0.43587074142479465,0.11326109061321063,3.8483713962573765,0.00011890569122102257,0.009270081222033568,PDE7A
214.30006190118257,-0.8028336291204287,0.22459496458340453,-3.5745842771211915,0.00035078481159495436,0.017237784882283304,COL6A2
206.65110568119184,-0.5500494311899592,0.14279275191436427,-3.8520822928031744,0.00011711764775695548,0.009254648296372486,DENND3
197.45901384921095,0.4117467853138488,0.13784005740142435,2.987134459141585,0.0028160583743067824,0.053164331320108685,IKZF2
202.56868373718618,0.3875100398215705,0.08342152067396741,4.6452046988697155,3.397394201375118e-06,0.0013030249711371642,RAB21
204.9511659293325,-0.7635287223550593,0.17058929436365328,-4.4758302401287215,7.611494697640767e-06,0.00208479986967892,LOC102723566
194.2698012475112,0.7866956525647564,0.25562682062030123,3.077516086362806,0.0020873357217852185,0.04585977166386676,FMO6P
207.57407404651045,-0.5028600859295826,0.1795319843881859,-2.800949856613256,0.005095243553639459,0.07317141998263059,PNPLA2
194.27099034355896,0.5208757611760548,0.12028575833447509,4.330319469140069,1.4889317118353106e-05,0.003101493617272688,ZBTB41
196.96544129724458,0.48746477328529464,0.1807196936472033,2.6973528089136307,0.006989317593481166,0.08674587147394738,TTC30B
183.55939926219784,0.5711491786836214,0.1648706708872712,3.4642254781272737,0.0005317605866579088,0.021663044624859108,BTBD1
220.46812707190068,-1.3317568534358908,0.381116952442434,-3.4943521795636907,0.0004752136888897409,0.02019810845762435,PRH1-PRR4
185.48617692469955,0.41826375844161096,0.14171714847812605,2.9513983518103997,0.003163386480942965,0.05692494288575825,ZC3HAV1L
202.20063487375072,-0.6530770894977123,0.20976450977190916,-3.1133821932406303,0.0018495633268289472,0.04270834554241585,CTNNBIP1
197.01050512669332,-0.44581290667503515,0.16539222887630245,-2.695488837075051,0.007028543280562253,0.08709522701878757,MARCKSL1
196.99185185065693,-0.42276272217251293,0.11222195132782245,-3.767201667502106,0.0001650876398558856,0.011264772185770641,SLC35E1
197.62469645693835,-0.4936260682840104,0.1583247727782842,-3.11780689542045,0.001822021403765847,0.042474379051611055,CLUH
187.93805398519189,0.39914611898679353,0.10448723042186583,3.8200468839612864,0.0001334263095730546,0.00994373800017196,RNF217
191.4615227854258,-0.5476983772862056,0.1076956233219994,-5.085614070393937,3.6643850997995225e-07,0.00031506235556169647,SIN3B
192.25854988569037,-0.5072579098589733,0.11399008318026135,-4.450017893721571,8.586313513139844e-06,0.0022884708473580348,KIF1C
188.79751643698788,0.38180503095943785,0.1130741940082641,3.3765885691967292,0.0007339073919797548,0.026197538785352133,LGR4
185.8066437685909,0.5622452143411354,0.2008877800841045,2.7988024662612307,0.005129250516575037,0.07352549168016632,TTC30A
188.982009420685,-0.6894787999727343,0.22785160544808514,-3.0259993060695316,0.002478128715597034,0.04951534187136386,PDE2A
182.2156034297574,0.5429247323972639,0.14392382585994803,3.7723061428729863,0.00016174562560387245,0.01120462538599513,MAP2K6
179.94213214705297,0.42541601210060737,0.08699969465944443,4.889856381288178,1.009095741538603e-06,0.0005667153762748047,ZCCHC10
183.16545506374888,-0.49094167611167927,0.1832521397717037,-2.6790501694730358,0.007383133078807169,0.0893612283213399,HAPLN3
178.50310709067122,0.46586561232147594,0.08279278304724558,5.626886730642095,1.8349112853619704e-08,5.457826312861351e-05,ANKRD49
186.69742313104987,-0.47797599359981296,0.17204560763225188,-2.7781935277388103,0.005466205109326655,0.07586590939467049,CREB3L1
171.5669494514298,0.4302227323357416,0.11808809995583784,3.643235283628365,0.0002692325253059656,0.015221781540050475,SLC39A10
188.17164008615583,-0.3900256074791096,0.13361757250727033,-2.9189694151784393,0.0035119067847999815,0.060487113024074154,SYVN1
175.88806592694115,0.46320559786335486,0.10766895402990714,4.3021277770998925,1.6916570365927965e-05,0.0033452667408568884,CAMSAP2
170.7964931576186,0.5115421652358048,0.16959701270389302,3.0162215541433444,0.002559461710714335,0.05053130890679764,LSAMP
200.280465101418,-1.5712881356874573,0.5167078995542993,-3.040960157649642,0.0023582503426408203,0.0486659929632899,PRR4
175.39718412582053,-0.38573840060163567,0.13282047842655356,-2.904208787464498,0.003681825402693211,0.06204524877811714,DNHD1
171.2801291317274,0.3933118629528325,0.12657675530879792,3.1072992983056404,0.0018880513938400705,0.0432163146552185,WDR5B
170.92025229108913,-0.5925248436253175,0.1993624752543863,-2.9720981487075564,0.0029577211553421605,0.05433430510251808,TIE1
176.11810085659107,-0.8504114144085538,0.30151633962697766,-2.820448853487158,0.004795651771304421,0.07097272052148296,DNASE1L3
177.87629115304202,-0.7677520781460538,0.2561900990529654,-2.996806203612602,0.002728240910880866,0.05200192524072923,PDLIM3
183.5814155052972,-1.4166316403986206,0.35680054002085987,-3.9703741488614317,7.175985338072367e-05,0.007309608581003081,ZBTB16
144.49733450868573,1.159767814532819,0.40742025989866876,2.846613015320519,0.004418704155815524,0.0680549685114585,IGHV3-13
175.20635456867782,-0.40935540470186677,0.13437345737987813,-3.046400775002802,0.0023159890640707423,0.04831381341769451,VARS1
165.76128573013125,0.494614834345178,0.12101320583462995,4.08727982151875,4.36460570174654e-05,0.005728587371551865,ZNF483
170.11227353010847,-0.4894549762160317,0.12735890336529085,-3.84311550494571,0.00012148225864333795,0.00931857813251946,PLEKHM1P1
165.1340340230782,-0.46130067900976507,0.17172771686403257,-2.6862331103778967,0.007226265334193372,0.08832391099967052,ERG
168.77414727093682,0.5551921444301082,0.15933826933047512,3.4843615834599873,0.0004933125486717248,0.02074155034187934,PAX6
164.5984250435413,-0.3872515475369801,0.1357390516947984,-2.852911838574601,0.004332063810844548,0.06729968677325292,LPCAT4
164.7183596351395,-0.40727810917814805,0.1056431167986959,-3.8552261758257367,0.0001156226827214107,0.009220235023509235,BCAR1
162.01830268200322,0.41876171521609046,0.09443085233013104,4.434585782961018,9.224948288222315e-06,0.0023513598098635377,SPOPL
163.05206785518504,-0.3814646666330629,0.11448898376195506,-3.3318897076263894,0.0008625843432420424,0.028676826210319483,SOGA1
159.08742432070662,0.5163913458536801,0.10127879677546185,5.098711302806403,3.419736473170175e-07,0.00031506235556169647,TMEM267
160.95015856518327,-0.8412505108105608,0.18451274662555892,-4.559308374059127,5.132236289052947e-06,0.0016783216568478357,MMRN2
159.23386309186432,0.4550922377833989,0.08792975031892628,5.1756343687176765,2.2713789053585197e-07,0.00029764527738968937,SSX2IP
159.51341681070804,-0.6376553238875347,0.2275886699173825,-2.801788525408631,0.005082017481505074,0.07317141998263059,DAPK2
153.04462994367788,0.6892266800347668,0.14145302230840073,4.87247758151177,1.1020736517239659e-06,0.0005975899370123919,BARD1
153.60551512026547,0.5417217260667434,0.15242871351167445,3.553934908892695,0.0003795131303630314,0.01799197970262118,TTC6
155.33207887508266,0.44087818504612736,0.15119714048528424,2.915916158408018,0.0035464578870049814,0.06074951010147422,ZNF204P
161.12246640927444,-0.8783012319807916,0.21501862651841636,-4.084768125451518,4.412085320070683e-05,0.005728587371551865,ROBO4
160.6833204121181,-0.638132443844519,0.18092683221302627,-3.527019381476657,0.00042026599824212033,0.019009441533446893,SMTN
157.5571777063135,-0.3967042182884296,0.13098778765666585,-3.02855880983529,0.0024572324532952062,0.049412517645459196,MEF2D
157.28270307326827,-0.41824827882360366,0.1349126799374049,-3.1001406170098855,0.001934287886000982,0.04382806485211159,CC2D1A
155.40215897095192,-0.48832737188782416,0.1856157050503226,-2.6308515852978758,0.008517122149321887,0.09767177218015921,LRRC47
154.4084119400892,-0.4417174000395472,0.11371407505005021,-3.8844566940823224,0.00010255897025641803,0.008613624840149414,ITPK1
148.79087874437272,0.381244025239302,0.10945771380883478,3.483025654136495,0.0004957808527621673,0.020750244854357815,ZNF606
152.6284814009863,-0.4048677743810358,0.12050460542248921,-3.3597701346066335,0.0007800734729408864,0.027198792376930018,PIK3C2B
152.66300504741585,-0.44438668066840076,0.13575642857972667,-3.2734116926729744,0.0010625758717228051,0.03231915973470234,AP2A2
148.1953862885735,-0.6141528160720126,0.20672263209553313,-2.970902652730316,0.002969258835559702,0.054458168058597066,CSF1
147.57290417838843,-0.49292730788943023,0.14741706990959244,-3.343760042115417,0.0008265119297604524,0.028010560550610162,RAB11FIP5
153.53702724219127,-0.5923413048929942,0.1877120535971875,-3.1555848095088406,0.0016017669135808801,0.039873342777915856,FASN
151.82126201938726,-0.545784588461982,0.1995181443717679,-2.7355135553235987,0.006228302102579326,0.08161670880254991,NME4
142.6076415058659,0.6251427945284018,0.20727365048072804,3.0160263645596697,0.0025611099013492984,0.05053130890679764,CFTR
145.88355630163187,-0.5132732894821822,0.17842611905890654,-2.87667126421512,0.004018940386971423,0.06488484351655609,ECSCR
140.79275850494773,-0.6414146006763771,0.23202382244992126,-2.7644342460344413,0.0057021598287424384,0.0777799851718689,ADAM33
140.2283160109107,0.7610610710979016,0.2817186165617648,2.701493711655525,0.006902878567221391,0.08617124495258671,PCDH20
140.96526328999641,-0.6141208841103143,0.19311569075995666,-3.1800672523998488,0.0014724087627786871,0.03852517103942572,DCHS1
143.4349884594332,-0.5088498560178731,0.14308891612251912,-3.5561794009409726,0.00037628717249844055,0.017930653901630234,TRIM3
143.2917582519609,-0.6408405533917132,0.17223562528471764,-3.72072010266377,0.0001986555175059614,0.012495432051124971,ARHGEF18
143.45571248300647,-0.4226272027271687,0.1331012699178157,-3.1752304315963533,0.0014971755705144028,0.03865859744883248,DECR2
135.34195355554266,0.3951466807457373,0.10496945130590349,3.764396934820543,0.00016695150859005815,0.011267435504629462,CCDC126
137.24200416920814,-0.415116416097973,0.11723918311421806,-3.54076516972618,0.0003989685017614633,0.018506724749849587,OSBPL7
136.7790811261132,-0.443127926970055,0.09455865629883732,-4.686275633714812,2.7822151067181672e-06,0.0011464492906732454,TRMT61A
135.35980943315914,0.415991396222706,0.12091707045396928,3.4403032976312935,0.0005810626347898942,0.022642115404791423,ZBTB10
139.51620275673005,-0.7997225246053787,0.20749232141458024,-3.8542270824928138,0.00011609580506548989,0.009220235023509235,PLXNB3
132.32673110671226,0.418061483536132,0.10732546582079852,3.8952682882753087,9.809009505636235e-05,0.00836683095901391,KPNA5
137.91367310087298,-1.0259432846571626,0.38816840091642235,-2.643036584727208,0.008216615661751199,0.09578216500642757,LOC107986589
130.84950782622417,0.4596590300644332,0.11041382281760058,4.163056928331993,3.1401503699781354e-05,0.005159215021651718,SUZ12
134.5504372461533,-0.6493580578651587,0.2065446311510945,-3.143911580979952,0.0016670580172296991,0.04058485658673375,LIMS2
129.9064545747952,0.4313056889408008,0.15643183181006137,2.757147851240978,0.005830798033558716,0.0788386062577049,ZNF334
132.33053936590707,-0.6939070445402163,0.15980384516468465,-4.342242477489298,1.4103575251881681e-05,0.002997009741024857,IL18BP
130.51600371964935,-0.4307266358550465,0.15827538887761988,-2.721374680608674,0.00650110294854051,0.0831398151549994,IL17RA
134.44666918098005,-0.5286231930923843,0.1846021070902261,-2.863581577831148,0.004188809357926751,0.06614968153989106,NCOR2
124.5409404361248,0.6068799836840412,0.22193256732604238,2.734524234077238,0.006247049666742928,0.08165823442188906,TENM4
126.45110668640557,0.4439046164951109,0.0882842983017001,5.028126462285792,4.952952054112022e-07,0.0003433367981378296,SASS6
131.4123726359553,-0.5617202198079456,0.204654880231551,-2.7447193986891643,0.0060562656849571335,0.08036690117801766,COBL
127.4166756982736,-0.502418409918192,0.1469618759791183,-3.4186989419594793,0.0006292130220248332,0.023593755154280433,PFAS
129.15967390510622,-0.5512190548121773,0.19719930786792278,-2.795238283398868,0.005186147417015427,0.07407099739561089,GDPD5
126.36202482111172,-0.5956816935296355,0.19861839473891715,-2.999126512489722,0.0027075485438517602,0.05190246926544381,DAAM2
124.54740023260487,-0.559711376595476,0.1985495212399183,-2.8190013911901906,0.004817330933538452,0.07099580968124851,DYSF
126.26513384017905,-0.39289067441211517,0.11794699936604393,-3.331078166666998,0.0008651030640886787,0.028699885406739394,ZNF646
120.74636892817172,0.48646053928458133,0.16760311768685962,2.9024551929484823,0.003702501209140548,0.06204524877811714,CLHC1
119.99859815784029,0.4304508482602342,0.10585897580116425,4.066266889533803,4.7772223802237176e-05,0.006009745754321436,RBAK
125.84690628288287,-0.5905648166028764,0.21471329414316942,-2.750480909715314,0.005950785886330958,0.07950391509138005,ST3GAL5
115.84863486495905,0.430669786951808,0.1453043116139429,2.963916088712143,0.0030375110236371154,0.055347463321777104,EFCAB7
120.23093782040063,-0.4418265209605679,0.16639886571107732,-2.65522555741289,0.007925539450207323,0.09370609613121066,XKR8
115.36062472382842,0.3876301937605577,0.11253764373134728,3.444449171922582,0.0005722242130984914,0.022479834616513684,TMEM64
113.90682417700184,0.43060196654029453,0.15011094314205783,2.8685581312535846,0.004123474171555471,0.06602401800561516,THNSL1
118.2468324276347,-0.8943578197870379,0.2963354607295014,-3.0180587148948015,0.002543996097142259,0.050505600935780944,LILRB4
115.96084029249779,-0.8037481283601629,0.2917167885536581,-2.7552343913601054,0.0058650102656434685,0.07901621738472443,NDN
114.96704026830508,0.4678524712581959,0.11396996760041625,4.105050489252637,4.042265844698447e-05,0.005726543279989466,C2orf42
119.08543930373862,-0.5434391626697302,0.15572102107901778,-3.489825322902115,0.00048333636253478237,0.020376579895065555,MYO9B
119.10339202793458,-0.46508272748322904,0.11581828031188178,-4.015624530348999,5.928858238881526e-05,0.006527816337590843,MGRN1
121.81523760668587,-0.6206091459685003,0.2069170484343886,-2.999313737868677,0.002705885148168049,0.05190246926544381,TINAGL1
117.10507016905882,-0.5881640486706667,0.1926931171720171,-3.052335533840645,0.0022706812538917033,0.04771052785834778,LOC105372952
118.10759236015045,-0.49532705618249573,0.12574684224938085,-3.939081469737143,8.179415418878743e-05,0.007464897362928505,PIP5K1C
114.45544166830751,0.387111076005073,0.10070786957103608,3.8439009548505774,0.00012109389458105375,0.00931857813251946,ZNF180
116.57092493718524,-0.4488585135110361,0.1342742722650725,-3.342848231006897,0.0008292323886512355,0.028042321100087482,BRPF1
116.4978047987888,-0.5816071530939843,0.17650998640260127,-3.2950382295503537,0.0009840829111354046,0.030940359951076166,GMIP
112.97050808531918,-0.7011399900577024,0.23040349534175056,-3.0430961518952766,0.002341575017749937,0.048449035729102315,ITGA10
125.27314755533814,-1.3209587290519895,0.424953597357757,-3.10847757794108,0.0018805391470517307,0.04310711091456044,HPR
112.56030896229902,-0.7739217843455317,0.2703639169919206,-2.862518759737673,0.004202883793751034,0.06616345285844583,COL9A2
112.30401939087422,-0.9714291134523941,0.30136554947055105,-3.223424559174175,0.0012666765903419448,0.03601101014118246,LAMP1
103.48269515662717,0.7562797913059242,0.23927119974100072,3.160763987160008,0.0015735594254234514,0.03959075514365404,LRP4
107.17446466708667,1.0763030817872197,0.31884137077656455,3.3756694721447045,0.0007363632523450329,0.026197538785352133,CLCNKB
111.53279005197376,-0.5017369355567008,0.15081541412320396,-3.3268279537184604,0.0008784058883547461,0.02901876595457643,CTIF
109.31688863118517,-0.41417590571472046,0.15636987234500777,-2.648693763725154,0.008080351410331147,0.09510742958642011,THAP11
109.32561799635977,-0.9574811078914571,0.3379132370097263,-2.8335116918308163,0.0046039623745521095,0.07008048001883842,LILRB2
111.07320399242938,-0.684291861339067,0.2483591229920068,-2.755251561107704,0.005864702471568367,0.07901621738472443,CLEC7A
107.64816717025823,-0.6439892724593571,0.20514579807572864,-3.139178469654208,0.0016942222844358442,0.040757607050090884,ARVCF
110.20292811045692,-0.7027821539198119,0.17502475247123403,-4.0153300832996,5.9362654135166334e-05,0.006527816337590843,TMCC3
109.46823487571916,-0.5289406831064877,0.16651112259865983,-3.1766087144904325,0.0014900792917916354,0.03865859744883248,NAGLU
108.8112354463524,-0.792355554754305,0.26311885204824953,-3.011397885731907,0.0026004785201352533,0.05111565591140857,GGTA1
109.48259030022533,-0.5292797330535349,0.19754222604573904,-2.679324535560236,0.0073770855511846554,0.0893612283213399,WNK2
113.509021723939,-0.8221822839919789,0.2627097949141454,-3.1296217343577584,0.001750315321031786,0.0414676855939283,CBR3
105.1545760379369,0.5532169240976176,0.15426267530758714,3.586200764342693,0.00033553067863945524,0.01701821133039959,CACNB4
108.78690793967867,-0.4269026023144242,0.12892927084589711,-3.3111379558229257,0.0009291738846740128,0.029899875246824765,ANAPC2
107.57637751687547,-0.42067832343962824,0.15427687661313313,-2.726774956006707,0.0063956642347530405,0.08250354396348775,ZFAND3
19.332042913752467,1.4588364395429756,0.45209894767552933,3.2268078637289377,0.001251794864117035,0.03592057342744594,RHCG
104.52253648030552,0.3928885446595156,0.13360633807290187,2.9406430138451753,0.003275317658054542,0.05826286218654715,GUSBP14
103.57869688321014,-0.5260937280714649,0.18993777195571077,-2.769821519198078,0.005608701751178004,0.07689691232366562,GMPR
97.64574456091137,0.4652807432211925,0.17473143889631013,2.662833581410048,0.007748572512843307,0.092360472653166,HYLS1
100.13982445524434,0.4569039544112271,0.12213187288370475,3.7410705626883805,0.00018323806147552265,0.011680666601982215,IGIP
100.69727441030273,-0.506255726300236,0.1467855985001177,-3.4489468413335524,0.0005627774809617088,0.022409648618522866,PDE4A
60.1008093692822,2.4874075438957988,0.6649493232804761,3.7407475379091535,0.00018347374567183512,0.011680666601982215,ITLN1
107.29113347236462,-1.0148944625690521,0.335108584879413,-3.0285540519179968,0.002457271147774187,0.049412517645459196,CBS
99.55803717328932,-0.5738314010214095,0.2114816702842595,-2.7133859887247143,0.006659948123931215,0.08439622067649655,NFKBID
99.46541452895701,-0.7174470090528475,0.21548096192414845,-3.329514601412427,0.0008699750253774393,0.028800752155916286,STX11
101.53184034878487,-0.6754010131312123,0.19834479149290898,-3.405186534254712,0.0006611887338503971,0.024406555961965948,PINK1
100.89262425740819,-0.4345398895023773,0.15607731309082815,-2.784132305311405,0.0053671136202278775,0.07508706554989623,LOC729218
99.74704075867129,-0.597370451377502,0.21844062036288808,-2.7347040600100407,0.00624363820544541,0.08165823442188906,RASA4
97.33300470976974,0.5669369365333582,0.13979403117635605,4.05551604573262,5.0023738109246194e-05,0.006192220523520783,MACIR
101.799078808335,-0.3831077445035691,0.12369170726252719,-3.097279138450641,0.0019530587124116598,0.043936835840734406,PLAAT3
97.65291267166896,-0.481906511167982,0.09494407748809601,-5.075687961983758,3.860964669819558e-07,0.00031506235556169647,EXD3
95.28572656771291,0.4005740574402442,0.1269469740649737,3.1554439197205544,0.001602540708148987,0.039873342777915856,ZNF625-ZNF20
91.56698565828594,1.1508576078449053,0.35559900305017655,3.2363915477077825,0.0012105121526913753,0.035185404068524724,OTX2
97.51960159845021,-0.7221469458536236,0.18343840702506461,-3.9367270876646407,8.260045412715803e-05,0.007464897362928505,ACVRL1
97.30544124099801,-0.4709054058193597,0.1548007080276356,-3.042010671781242,0.0023500356261869793,0.04856019740051282,SLC19A1
99.64147793642921,-1.1087951653109298,0.3122669687256672,-3.5507923551306786,0.0003840733044047951,0.01799197970262118,UBD
95.84270325691908,-0.6227317563520661,0.20936876736933557,-2.9743297635866592,0.002936293327942614,0.0542638983958331,RASA4B
96.55222366396087,-0.46964352349251137,0.13654149518446532,-3.4395662861171306,0.0005826470838035658,0.022642115404791423,RTEL1-TNFRSF6B
99.88243558590301,-0.4612629046298004,0.16467560838652695,-2.8010396266283903,0.005093826366682302,0.07317141998263059,PTPN23
90.32417898493291,0.5123230884878331,0.18553349938266145,2.7613508622028986,0.005756279978035119,0.07821795345953034,TPRG1
95.21203833934749,-0.818773219402877,0.25027409202238016,-3.271506102715818,0.0010697627968902165,0.032403357149727384,COL18A1
97.14160391992526,-0.7218630077996533,0.16940097678922134,-4.261268272955933,2.0327004922568528e-05,0.0037604959106751776,HELZ2
92.98209049357096,-0.3992089292379257,0.13291658865454334,-3.0034545219595508,0.002669334407013755,0.051693698953560706,ARAP3
89.94832081395988,0.410580175136938,0.13165498086111596,3.1186072296806056,0.0018170800926537302,0.0424570348543535,FLVCR1
90.58214866037916,-0.5737169790595392,0.18319812855146675,-3.1316748898903852,0.0017381222975923869,0.041286968473776865,PALD1
91.26077047156193,0.6535998199380277,0.21663187158118127,3.0170990776539353,0.002552063834772114,0.050505600935780944,STAP1
95.25517440874066,-0.45413714206059885,0.17049308818444822,-2.66366893166537,0.007729359144567206,0.092360472653166,MARCHF2
93.55610276986691,-0.8338306237370844,0.23334706049124096,-3.5733495934412405,0.000352443719760871,0.017247250729098246,ADAM19
92.87868642026977,-0.46610962025545266,0.16348164835950754,-2.851143384794146,0.004356232058747157,0.0675018343728477,ABHD6
94.611135132981,-0.4565153768771948,0.15695058107298668,-2.908656812585495,0.0036298508379261256,0.06180783771002153,AP5B1
89.23554941128495,0.3881378114770693,0.11160296141255241,3.4778450908867553,0.0005054619471230421,0.02096321192895881,ERI2
87.84734297283762,-0.7003297150371296,0.21279610925308198,-3.2910832697801617,0.0009980236613457512,0.031060938730813132,FHL3
93.1662451834773,-0.6458536991930283,0.22373918649087363,-2.8866364865386367,0.0038938382020350473,0.0636460723213729,CAMKK1
90.85741369683741,-0.8934284506461808,0.24726629118343463,-3.613223809724191,0.00030241345534393743,0.015904520352118447,EFHD1
92.41077089620383,-0.752870566401504,0.26850615579442133,-2.803922927480034,0.005048497166827241,0.07289955734468169,LOC105370256
85.30994466435196,0.5228077269300071,0.1994017277327618,2.6218816299860452,0.008744579696190784,0.09892698972848926,MAGED4
87.1558543727851,-0.56341687141611,0.21026661156550813,-2.6795356011174345,0.007372436306857475,0.0893612283213399,STARD8
93.55878150730469,-0.9192623665870544,0.31516736706142623,-2.916743491428444,0.003537065247638384,0.060654690315282,RGCC
89.02075924329573,-0.7040665477726873,0.22674137122493052,-3.1051525531890856,0.001901809093352448,0.04346794766419658,CMTM3
84.52402675010482,0.5267286510032101,0.19867925450814264,2.6511507319030265,0.008021803252687518,0.09448903082285484,MAGED4B
87.9864987442836,0.40417067641660626,0.10280122749350488,3.931574420569466,8.43913631539624e-05,0.0075831667748346215,CDYL
92.07678604272694,-0.5192597213266684,0.16270583853478648,-3.191401894380396,0.0014158418512370922,0.037952140255561456,TSC22D4
71.6047357992864,2.6153974490968888,0.5272129371707087,4.960799071305864,7.020378156408134e-07,0.0004415817860380716,EDN2
86.13347585580821,-0.4313585984040443,0.149621638969478,-2.882996078475247,0.003939123446869856,0.06412289461907711,LOC642846
85.81108701042761,-1.0732341420227374,0.29064116417648395,-3.692643280808789,0.0002219352265937433,0.013361210297009858,VIPR1
87.26225102850317,-0.665440205263468,0.22621156836730127,-2.9416718608439525,0.0032644564289566985,0.05813542168215638,PNPLA7
83.96499513397485,0.40707254910592805,0.13337483187170684,3.0520941874362837,0.0022725078134119225,0.04771052785834778,KIF20B
84.7019584080686,-0.4656411567920891,0.15785748692047036,-2.9497565549531535,0.003180244094945478,0.057153529592020164,ZC3H18
82.02518577907648,0.47542954815288796,0.12696278115815443,3.744637159142387,0.0001806546647943803,0.011680666601982215,ZNF678
83.4831417334485,-0.643104452912567,0.19685274174576675,-3.2669316526113197,0.0010871992467352402,0.03256420600935553,C16orf54
83.20846722797123,-0.5658169691189276,0.21423389452953234,-2.6411178789494922,0.008263296309274526,0.0960386803128913,SLC22A17
80.10738781370588,0.40620009727668693,0.129693546506876,3.131999303104502,0.001736202873974573,0.041286968473776865,ZNF484
80.34110034832152,0.42950601946021716,0.14772281881102897,2.90751302281642,0.0036431517484898203,0.06180783771002153,ZNF20
81.25689917050197,-0.44764011519990476,0.14928801330596717,-2.9985000489119122,0.002713121127897921,0.05190246926544381,NECAB3
82.71533837579517,-0.6254896229835869,0.18628209355102798,-3.357754956797538,0.0007857823947511614,0.027337230436862862,LRCH4
80.95789589544185,-0.6238958371767949,0.17217685973620003,-3.6235754219974385,0.0002905584246273267,0.015647367216659974,DMPK
78.23732719507643,0.4596451345505375,0.13847105376326405,3.3194311883866088,0.0009020103214090906,0.02950703530786974,CEP135
81.34577444815737,-0.6359895791789532,0.18536633792288823,-3.4309874506099525,0.000601388421369755,0.022911476355272013,RIN3
78.00125725827623,0.4767024799994119,0.15730033146299147,3.0305243197250804,0.0024412952549728623,0.0492171383133952,EVA1A
78.11861847739708,-0.7709324114619601,0.2400908696191255,-3.2110026203201696,0.0013227272866989108,0.0364910290935796,CSF2RA
79.65389737921524,-0.607309949229263,0.1998707150844074,-3.0385139162222434,0.0023774812374287814,0.0487430149394623,VASP
78.13190499596385,0.41613638063229474,0.11512178320907471,3.614749259716922,0.0003006384468594607,0.015887390538315914,KBTBD3
78.55858057394653,-0.765678242762228,0.2619776293795829,-2.922685591802293,0.0034702673796623185,0.06003295329503846,RASL12
75.35197214558985,0.4522714771669307,0.11204377516988098,4.036560500404381,5.4240542940633644e-05,0.006351952186549366,ABCB10
79.03621417331853,-0.3826286503748915,0.1260774950501546,-3.034868754512286,0.0024064038020794555,0.04899788277368989,DDTL
77.46481657891188,-0.6241024487970632,0.23480303876097766,-2.657982844218556,0.007860989453897271,0.09322327236993559,ITGA7
74.10659433885922,0.6927344495398757,0.17629880777284437,3.92932010313106,8.51863786964094e-05,0.007595158314056272,PLAG1
72.87715343076466,0.5664664120783375,0.204174136135295,2.7744278624153025,0.005529889654247904,0.07621166942423162,UST
75.1535967061525,0.4133172345083705,0.1451211020937336,2.8480850031128435,0.004398317509281103,0.06787393801123194,IL7
75.78593739348143,0.5346988325712849,0.12905894534878226,4.143059058217618,3.427036465837e-05,0.005389014842528682,LOC112267941
26.80863445325713,-0.6145054151281403,0.20863038022197272,-2.9454263299253736,0.003225099396480786,0.05769589079597311,ISG15
71.74519442359876,-0.7308965739198342,0.2551045067439984,-2.865086874585485,0.004168948529232631,0.06608416354437681,SCARF1
74.39393570995038,-0.5367844979274352,0.18479403502073466,-2.9047717793878234,0.003675209725765529,0.06204524877811714,LINC00685
74.04096020581152,-0.4739924272169854,0.15729551534411226,-3.0133880561059962,0.00258348333964203,0.05084515083338038,PIGZ
78.01931928029445,-0.9542076388818782,0.35839982370771356,-2.66241101630693,0.0077583079589676465,0.092360472653166,DYNC1I1
73.44487021299733,-0.5923523529519877,0.19172269532095698,-3.0896308439663294,0.002004054121021341,0.04476385092764287,TSPAN5
72.72189336552702,0.5880407694582803,0.14589773944457124,4.030499524508985,5.565844157892798e-05,0.006351952186549366,ZNF709
72.79016793747934,-0.5293528627399655,0.16881677504528234,-3.1356650581553596,0.0017146490956867818,0.040976986367286694,MLYCD
70.97284779483967,0.4099452043694,0.13358518801913866,3.068792359753744,0.0021492591611713347,0.04642458833711434,CHASERR
72.9962722521463,-0.8599742908915652,0.2717634097488965,-3.164422656038069,0.0015539095681476832,0.039393495376354844,CFP
72.39177390553532,0.39338500611887917,0.14420934612867806,2.7278745565343705,0.006374384375619358,0.0825018922338122,KDM7A-DT
74.95244010415371,-0.8058338681090611,0.19735973127551373,-4.083071368718672,4.444436625305739e-05,0.005728587371551865,ORAI1
72.32670121923933,-0.7463388775926371,0.24336323271807148,-3.066769245530391,0.002163858319133525,0.04651310926517195,FLT4
70.15814823448946,0.39634624127110357,0.1261608089549052,3.1415955918035787,0.0016802994762738683,0.04058787905438799,C4orf46
72.37034030654138,-0.5623374895431157,0.13291231486904792,-4.230890795161905,2.3276766490596703e-05,0.004159399466643558,LDLRAD2
71.55664095272951,-1.1489327095305433,0.39906347607673653,-2.8790725746838666,0.0039884653801086295,0.06454775591451092,CRHBP
69.58329795662104,0.38882794074665783,0.14787466001423902,2.6294426692796264,0.00855249512350939,0.09779693110705791,ZNF416
71.77932477265524,-0.47613759704278447,0.15002131215747289,-3.1737997101571613,0.0015045747606488914,0.03872248463372147,ZFP41
69.72849839856947,0.5587802378775093,0.11826267562618209,4.724907794609386,2.302197905966058e-06,0.0011117828903700739,ACSM3
74.03805398407839,-1.2868930178653528,0.39075518580997376,-3.2933485327848615,0.0009900166776033409,0.030966356633293706,ALOX15B
69.90600588065261,0.5388003969744879,0.1500325653119203,3.591222984518811,0.00032912988458569083,0.016858525847263807,EIF5A2
66.72641164920809,0.8406239697911653,0.24515487459856364,3.428950662994855,0.0006059196620823375,0.0229592450270958,LINC02300
68.6288340128005,-0.53059978664287,0.2025039663632048,-2.6201945382699456,0.008787961950548462,0.09906143489059108,TSPAN18
68.40603499345009,0.5155783002555999,0.17413608612754902,2.960778042742706,0.0030686299858623187,0.05565542438909075,PWAR6
70.2546750452873,-0.38533838702977313,0.12971376588702932,-2.970682289537204,0.0029713900282528636,0.054458168058597066,C2CD2L
67.67478941205779,-0.5940102998652931,0.2181964133005979,-2.722365097023643,0.006481649068476205,0.08311441459253809,OAF
67.82268416406042,0.48736904666994657,0.16812337672582647,2.8988773373541146,0.003745013750141612,0.06224149646444613,RASGRP1
65.75698977605232,0.41431327634330684,0.13877256150076706,2.9855561637162453,0.0028306315274266606,0.05328020329655348,PRELID2
67.894090575731,-0.7223272978859576,0.24659626954996622,-2.929189882735015,0.003398467447160291,0.05924711818913035,GALNT15
67.45423763367491,-0.5889806763067227,0.14357476267544175,-4.102257704149191,4.09138210417779e-05,0.005728587371551865,RING1
69.82067037453722,-0.7707254317817768,0.24272444372358828,-3.1753103229251596,0.001496763390465537,0.03865859744883248,SF3A2
72.96106860064307,-0.603676114287666,0.2076044653908672,-2.907818544033218,0.0036395945697284683,0.06180783771002153,SDF2L1
64.48389622936197,-0.5789652759325694,0.21499260193302744,-2.6929544120449482,0.007082195203947682,0.08748430446353284,CLDN23
65.82784590905241,-0.5200852411920573,0.17152974033174903,-3.0320412086334456,0.002429060403225195,0.04915955577955751,TLN2
63.39859296686714,0.7674503484326433,0.26541063928746605,2.891558343301447,0.0038333640971093216,0.0629881404671307,POC1A
69.55891646491861,-0.8802559221080858,0.3298435697052886,-2.668707238690705,0.007614378816610385,0.09133188931441517,LOC102724560
62.95111868599899,0.4648857586329516,0.12110747246803495,3.8386215908820436,0.0001237269408348143,0.00935498995547245,TRMT10A
63.78471989522559,0.4047240132971871,0.13792366360187236,2.9344059077886393,0.0033418685944328255,0.0588475740732992,IPW
63.33446660205197,0.4516310843094679,0.16387008831703234,2.75603124980147,0.0058507406891985985,0.07898995064492517,ZNF569
68.78031432549997,-0.7367924144904354,0.25492522843643617,-2.8902294959564956,0.003849606780409404,0.06318900482456982,SECTM1
63.460572026614074,0.44313785979947506,0.14968703889757873,2.960429059610739,0.003072108640364437,0.05565542438909075,OSER1-DT
64.59020591537131,-0.5514248039644407,0.2106821855812459,-2.617329996094014,0.008862062026817266,0.09945714752806227,HPS6
64.88524525582925,-0.49845246002068094,0.16015692030739773,-3.1122755049483626,0.0018565115410724814,0.042743256198191464,TNS2-AS1
62.33643003932796,0.878862586288063,0.1938974058899045,4.532616526015225,5.825751941672176e-06,0.0017394858628931057,SOX2-OT
60.393434656188205,-0.8960615687973751,0.28430681628549803,-3.1517414197257905,0.0016229993205506197,0.04025099626148057,BTNL9
64.66959245780039,-0.49240956092433985,0.14674076045283352,-3.355642695354667,0.0007918079611194982,0.027486048981466026,CAVIN3
60.72179341082907,0.5965874958149254,0.14604005066491724,4.085095103012327,4.405876708421996e-05,0.005728587371551865,ACVR2B
63.396257677403845,-0.6943370754280915,0.2569593797483135,-2.7021277686309046,0.006889728104682884,0.08617124495258671,CIART
60.12594565262723,0.5045011396378506,0.143652756596565,3.5119488939198966,0.00044483353055436493,0.01953912644683628,ZNF675
47.38682782434736,0.9361463226714152,0.322512151843393,2.9026699221119387,0.0036999637798184725,0.06204524877811714,NDUFA4L2
64.07545560442682,-0.4907820744704023,0.16965485253871007,-2.89282662491732,0.0038179198178041594,0.06289182308351722,NFKB2
61.10294935027925,-0.5149120457805663,0.16967476281134355,-3.034700253879724,0.0024077485272627325,0.04899788277368989,NOS1AP
60.158532758580925,0.7525474014501582,0.22851534471748408,3.293202924208615,0.0009905295635323837,0.030966356633293706,CENPK
62.389006606856526,0.9419989565409664,0.2463863510839962,3.8232594963015103,0.00013169904731798017,0.009908935497967647,OTUD1
59.960781683284104,-0.621614820386595,0.22025724798662638,-2.8222218613406915,0.004769217120102044,0.07088463063667735,ARHGAP6
62.22410063509449,-0.5586274241712911,0.1670631686532421,-3.3438095821753713,0.0008263643605739704,0.028010560550610162,ABCD1
60.8256898173826,-0.4430033439005524,0.1566551044684748,-2.82788962034558,0.0046855959178752635,0.07033058081782552,ZRANB2-AS1
62.33366975532363,-0.5577266701892473,0.17290187891443315,-3.225683108193745,0.001256724179764071,0.03593088677598184,KDM4B
63.401406836770526,-0.7992220977560625,0.2851536381383782,-2.8027771378747737,0.005066466608126792,0.07309191505760901,C1QTNF1
58.58987052998565,0.468795688670171,0.12449093928695511,3.7657012739664837,0.00016608226858628728,0.011264772185770641,RBL1
62.82408055057214,-0.5442529386984594,0.15697887884269066,-3.4670456478661573,0.0005262125188655373,0.021492706127689803,TRND
60.743565744487604,-0.5888560766282235,0.2099141888416836,-2.805222838330077,0.005028180418895182,0.07273977652909543,PLIN4
59.53936641628963,-1.1460157003004465,0.346610806736916,-3.3063472864257624,0.000945208578249057,0.030148894306219923,HIF3A
60.36916735772119,-0.5056173859713904,0.13887456624978725,-3.6408206313455542,0.00027177042888777475,0.015221781540050475,ANKDD1A
58.337295862164595,-0.6050824113535961,0.2144857710148293,-2.8210841609244155,0.004786164453344749,0.07097272052148296,NRN1
56.74195307158125,-0.5419526268676527,0.20564657539170336,-2.635359357846702,0.008404824842720732,0.09710695908470655,FKRP
57.52184192583443,-0.4918527164469568,0.1787035649091693,-2.752338582036422,0.005917130896208263,0.07925628904844542,SNCG
54.65372013990507,0.39888323410982496,0.13625479958579234,2.9274802452640913,0.0034172076868703785,0.0595078525758989,ATAD5
57.372718802867894,-0.619082042042835,0.17803777386174785,-3.4772510833772414,0.0005065831817490842,0.02096321192895881,P3H3
58.5001926301157,-0.5346146980854257,0.17560452490500006,-3.0444243869834553,0.0023312602430473513,0.04842677321257543,FMNL1
53.801846021705245,1.0999573118723789,0.3995666809214901,2.752875463328502,0.005907436354388158,0.07919389315665284,NEK2
53.94674406683097,0.5118184239407286,0.1817157510537242,2.816588110677371,0.004853672748722684,0.07125877673695097,LRRC2
56.20195418899148,-0.6506222753275863,0.2481189412085697,-2.6222192959491584,0.008735919897364386,0.09892698972848926,OSGIN1
57.840220934989716,-0.5333303935274301,0.15473033324155916,-3.4468380074824427,0.0005671885628090366,0.022409648618522866,MANF
55.77351843820334,-0.793236905790503,0.21922354092054752,-3.6183929082597626,0.0002964381175373797,0.015748274994173295,ADAMTSL4
54.716534466233135,-0.829047518519686,0.3151386602604967,-2.6307388558242497,0.008519947571547823,0.09767177218015921,FAM177B
55.762036731870346,-0.9189642259181608,0.33587876780660364,-2.7359997534803786,0.006219107259923596,0.08156418820875609,BASP1
55.19532337911672,-0.6945843785919739,0.22098966076158194,-3.1430627849206796,0.0016718997468858758,0.04058485658673375,FA2H
52.72858455533549,-0.49740688188375776,0.17576631380124186,-2.829932944069305,0.004655776094638873,0.07028801608194624,ADARB1
53.84761142380076,-0.6612198948302055,0.1495224419207334,-4.422211718430463,9.769565345501678e-06,0.0023612081270342846,MFSD12
52.72893450535971,-0.47111448418514623,0.15100064775064836,-3.119950087652014,0.0018088168666859296,0.042326853018803935,PKN3
51.90596492117329,0.5669465906265106,0.2156997242580333,2.6284066545597167,0.008578589585402717,0.09789428246041926,EYA2-AS1
51.601541117849074,-0.4286858808081843,0.14444608208708987,-2.9677916812566765,0.00299947541699599,0.0547813599677839,ZBTB47
51.83706957659348,-0.8285148503720323,0.21770499983887345,-3.805676723020729,0.00014141699657851828,0.010166214726806566,FADS3
53.49624840367711,-0.8787585568344952,0.2541586350245189,-3.457519972712005,0.0005451718295195309,0.022043963573984943,PILRA
54.52244222409454,-0.8674186517867339,0.28203216834558215,-3.075601825405465,0.0021007818249884416,0.04600694199287329,CCDC85B
47.93469993024156,0.5003694916884289,0.14964164574857447,3.3437850084136462,0.0008264375574708538,0.028010560550610162,SPDYE11
50.22171346276161,0.6067744178847956,0.17598684992270733,3.447839529779005,0.0005650896631670105,0.022409648618522866,BCL11B
50.78988711431655,0.3906148691405672,0.11945574450491582,3.2699546661357313,0.0010756472134917452,0.032403357149727384,C16orf87
53.206942119683184,-1.1546527225674932,0.34473555490057806,-3.3493868159334355,0.0008099063832395889,0.02796256228101598,EMILIN1
53.897032588108104,-1.3497915810635475,0.3406322371713943,-3.962606687705777,7.413586004300175e-05,0.007381272628122111,GZMB
50.39896337778408,-0.7245845375521727,0.23429825855669179,-3.0925732953190055,0.001984292256674286,0.04451211945250092,PLPPR4
51.14648645195043,-0.49712202618524404,0.1367677795790146,-3.6347890396074076,0.00027820819372983665,0.015352399509376531,LOC101927825
50.70645687351215,-0.9618344182258876,0.268348123557742,-3.584278531461108,0.00033801123172674704,0.01701821133039959,LOXL1
48.601283205692795,-0.41936035636180813,0.11719498409760833,-3.5783131811557305,0.00034581892243291663,0.017154582193241685,LOC100652768
49.09040197853748,-0.5500518390042386,0.1973806031705634,-2.78675731134999,0.005323833315595347,0.07480206167850385,SUSD3
49.97966148250365,-0.6336899407255496,0.20811740609495494,-3.0448675707423742,0.0023278278467835046,0.04841943504056959,AKAP17A
48.820565363584905,-0.8451130500167886,0.29650994451509366,-2.8502013698018436,0.004369155768624533,0.06762300635986297,PLCB2
45.323465262183944,0.53872800804099,0.18783611329966718,2.8680747199103407,0.004129779891143407,0.06602401800561516,PYGO1
49.29264079572973,-0.6317432059015242,0.21043353820045999,-3.0021032355580255,0.0026812123252704556,0.05180859106971174,RPS6KA4
47.11900062336168,-0.5212519568234071,0.18484517245101537,-2.8199381672331243,0.004803290402485435,0.07097272052148296,MBNL1-AS1
47.26124134802355,-0.7376089987735235,0.24527736456576735,-3.007244472311447,0.0026362765637662406,0.051474409121402914,CSPG4
46.736976061054584,0.7364219371488213,0.19350111246880222,3.805776244658816,0.00014136013829114328,0.010166214726806566,ADAM7-AS1
48.85061185273938,-0.8766084733678875,0.3112219705905471,-2.8166664188409105,0.004852489615808528,0.07125877673695097,SPI1
46.645665898590266,-1.0705728348202135,0.371486919128004,-2.881858767283604,0.003953368892757946,0.06415554782107193,ATP13A5
45.997453789701346,0.4249623121647916,0.15672696966700503,2.7114817128647437,0.006698323576521959,0.08473945152116476,KIAA1107
48.51949853378409,-1.0377570490066084,0.3156781362980851,-3.2873896848741095,0.0010112079875024137,0.031240168179716022,ECI1
44.46956359408037,0.4726338032663981,0.15752374145802508,3.0003972664167544,0.0026962769117539706,0.05189590506405286,IRAK1BP1
44.38326078710429,0.4200151743196272,0.15548795792040784,2.7012714035039758,0.006907494616886836,0.08617124495258671,TAPT1-AS1
49.6515267278207,-1.0725743261942895,0.369407227171903,-2.903501196784028,0.0036901556045329507,0.06204524877811714,OGFR
48.96689285379492,-1.0230979521222525,0.29649327288139415,-3.450661602469211,0.0005592142615383505,0.02237568514679532,TESC
36.424051819050725,2.1130793375147947,0.5348723751561998,3.950623430304674,7.794788565364288e-05,0.007449617005175218,DPYS
44.07217558242514,-0.8759514105306785,0.27679320075605635,-3.164642079856119,0.0015527383068346865,0.039393495376354844,SSTR2
44.02536194067027,0.6284830404086864,0.15467453207349718,4.063261300897604,4.839180570947298e-05,0.006039374164932243,ZFP30
43.76434498033635,0.5633845825732727,0.17090738661369412,3.29643202518042,0.000979213074436517,0.03091993091468721,LOC112268092
43.80506908409657,0.6239525054210334,0.19744054480871723,3.1602045366392506,0.0015765841906239795,0.03960349264786275,CCDC160
42.26445681509513,0.6118746108245703,0.2058106177705703,2.9729982711905776,0.0029490611241193925,0.05433430510251808,ZFTA
44.834908162165135,-0.9154352597461392,0.32242973055745255,-2.8391775726246844,0.004522997915974149,0.06925454611798121,PLXNA4
43.60113239193042,-1.4537673340595956,0.3640138357034244,-3.9937145005774837,6.504617954724124e-05,0.00686477297570717,HS3ST2
44.7313931891784,-0.4142929439150109,0.14967824527431992,-2.767890171051401,0.005642046553159139,0.07714885395515432,NAP1L5
45.44312205824312,-0.42519005972186946,0.14012267052857566,-3.0344130476385622,0.002410042172159591,0.04899788277368989,B4GALT1-AS1
43.504380286461256,-0.46666795298494923,0.16132628310152622,-2.8926963667244765,0.0038195034050721114,0.06289182308351722,DMWD
45.442597661190135,-0.684672777169082,0.25223411218107145,-2.714433711002482,0.006638918556307398,0.08425907530099583,SYT7
43.10269097500534,0.5890954081439294,0.1764147123493191,3.3392646242421122,0.0008400050342635626,0.028224528127766074,ADCY10P1
44.592941026479394,-0.8717922690982245,0.3309001306510527,-2.6346084160890344,0.0084234398265834,0.09718165170434627,LILRA6
42.34683719756431,0.5667821606142346,0.1983502258460971,2.8574818011753074,0.004270171204267119,0.0666520310567629,DMRT3
44.348612385660104,-0.7270926717780071,0.2645735445722334,-2.7481684646648317,0.005992920842040225,0.07976345152223104,SPN
45.49585954894993,-1.0696385266213637,0.36951792548676576,-2.894686435610206,0.003795374525765839,0.0626914542202393,CCL19
44.19416903731852,-0.5817345473131309,0.17693813522230817,-3.287785002267767,0.0010097892286938474,0.031240168179716022,BCORL1
41.69352115543382,0.5152294375505575,0.12571866913473848,4.098273081449522,4.162440289626438e-05,0.005728587371551865,LOC112267940
41.61951285167596,0.557107046569806,0.20035050616303396,2.780662036942715,0.005424817951202304,0.07567496402345278,SGO2
40.60044814735442,0.7229111567335617,0.16424352465230097,4.401459103267205,1.0752533708352315e-05,0.002516006472048897,PALS2
42.03660070521608,-0.615295055861784,0.23503760956094405,-2.6178578696880477,0.008848365167408093,0.09944713660686921,DBP
44.16822280475658,-0.5032441985005105,0.17767256662605838,-2.8324248816626376,0.004619641912860144,0.07011956474877004,TEPSIN
40.98814493142283,0.4887340699846535,0.16330416884952603,2.992783793749868,0.0027644551340848603,0.052374767449981235,RBM26-AS1
42.716419873094026,-0.3975337660873926,0.1495986091122461,-2.657335976894792,0.00787609063850435,0.09333197082929987,ZDHHC8
40.16385812586472,0.591265404536126,0.14875881780680195,3.9746578606454253,7.048050176851018e-05,0.007291486120459359,LOC112268009
41.87617356520446,-0.712860375728048,0.18094163991782578,-3.9397254056710875,8.157492587962141e-05,0.007464897362928505,CCRL2
42.64578121182546,-1.0897714131143006,0.31579709402980766,-3.450859535178112,0.0005588043190771299,0.02237568514679532,ZDHHC1
40.69390095207258,-1.0411747100074151,0.35465266245218624,-2.9357588994493584,0.00332732823292549,0.05878902973343071,FAM43A
39.425910333174954,-0.5633279445370589,0.19971373134145434,-2.820677079904568,0.004792241611570752,0.07097272052148296,PLEKHO1
37.21028378760306,0.9151835235751352,0.33018884850286523,2.771697250602919,0.0055764874726559,0.07678657224826098,DEUP1
37.807367249568294,0.6540271159156703,0.1650915959469011,3.961601510751807,7.444871790649509e-05,0.007381272628122111,NCMAP-DT
37.453387179301735,0.9388013081318566,0.3488836373565809,2.6908722783474737,0.0071265472796163565,0.0879112500424247,PNCK
39.278842922970036,-0.5674459764903759,0.20157614631261536,-2.8150452663697094,0.004877036377042301,0.0714738089738958,TMEM255B
38.24647328331652,-0.6295840010077156,0.21994312501005903,-2.8624854765472745,0.004203325240418911,0.06616345285844583,SNTA1
36.38614342861225,0.677516115140995,0.20922304902862873,3.2382479764372807,0.0012026622567886803,0.03502197034815185,LINC02955
38.7146505996239,-0.7403123733333219,0.2389930798728733,-3.0976310013959965,0.001950741565900489,0.043936835840734406,CCL15-CCL14
38.86603142405753,-0.48215326289796173,0.17855655306057092,-2.700283213545252,0.006928047162625915,0.08620368943131834,RAB11FIP3
37.81893593060014,-0.7154633142615877,0.2181818971693755,-3.2792056698735674,0.001040997376679606,0.03201476297994475,GPER1
36.56846322274329,0.8141279133374748,0.25307479721815906,3.216945829005916,0.0012956305942937395,0.03611319190578333,CLNK
37.53789345897967,-0.49783316532804744,0.17324179037793402,-2.873632073658464,0.00405781375458387,0.06537819804388459,MYLK-AS1
37.6211273203136,-0.4450807428056432,0.1596469381548598,-2.7879065389522752,0.005304984600725656,0.07480206167850385,POMZP3
36.53051589097202,0.5142379639292666,0.1782208916618773,2.885396650943059,0.003909207891676449,0.06376793993424498,GUSBP17
36.541728119254245,0.46234475009582043,0.0979089097549701,4.722192814248457,2.333153283447532e-06,0.0011117828903700739,LOC105378980
36.83131743807237,0.41858508160406677,0.13378185291685982,3.128862939760604,0.0017548414234420016,0.0414676855939283,SERPINE3
38.91055898013367,-0.8005985522263045,0.2793003338111005,-2.8664432344279764,0.004151125982425799,0.06608416354437681,LOC107984006
35.550368409064625,1.4508718211835117,0.44275823480974374,3.2768940408459284,0.0010495574876325158,0.03210951652338776,CEACAM7
36.133629643561044,-0.5226969488105392,0.1678407505076858,-3.1142433957753526,0.0018441729054208176,0.0426746716867316,PUS1
35.458971038921455,-0.5480922586591507,0.16539259220671368,-3.313886379954218,0.0009200888698073815,0.029893383218431973,PARVB
34.39215155516041,0.6844714446030878,0.19508618395550303,3.5085592978701565,0.0004505407856679546,0.019679871818412742,NEXMIF
35.720852502170004,-0.5046313708230362,0.19069246150417085,-2.6463100158366712,0.008137520091306224,0.0952101960087726,SLC45A3
34.271650671991196,-0.5098523410178593,0.16124024383321,-3.162066298691909,0.00156653893907548,0.03956151771350706,CTBP1-DT
37.16736969712512,-1.4303106351282744,0.38559441923934157,-3.7093654984681432,0.00020777930038051127,0.012914345843808458,TUBB1
34.88442114902674,-0.49782279468306667,0.18671728352113498,-2.666184861385459,0.007671749484737696,0.09194989378620447,AMIGO3
36.10162468209072,-0.7124364320407687,0.24584966930662244,-2.897853936717001,0.003757255272025254,0.06232366999219105,IRF2BPL
36.363782145448646,-1.2524789829279033,0.42734306178393583,-2.930851334521386,0.0033803450931306415,0.05912783825303597,LINC01554
33.07690391765536,0.7140539389088818,0.22703726623532583,3.145095740224248,0.0016603248487370799,0.04058485658673375,ABCD2
34.42350543080948,-0.7211906374570863,0.2736843241211385,-2.6351185431353823,0.008410790351247716,0.09710695908470655,MYRF
35.24809543033572,-0.7190200539111005,0.25615428496737425,-2.8069803868503715,0.005000828638242127,0.07241070933366248,CHST2
32.34494640710169,0.46015207583764656,0.158301992872752,2.9067990079413017,0.0036514773438861684,0.06180783771002153,C14orf39
33.76102265124876,-0.5272035005465673,0.19488076386514874,-2.705261874442237,0.00682505615452024,0.08566087630178483,ADIRF
30.06083258305412,0.6717581013287564,0.22998712206344984,2.9208509385296315,0.003490768009246732,0.060321238401543804,ZNF660
32.74757602281786,-0.5714963315508423,0.21255046623756896,-2.688755953666446,0.007171883035930589,0.08817659166537023,CCDC88B
30.183117102731817,0.3814944221885846,0.14031312227788814,2.7188791468344657,0.006550353620792997,0.08347188872525922,SPDYE10
32.84744329893048,-0.9087276004646333,0.27169218674210976,-3.344695375164386,0.0008237298960718177,0.028010560550610162,CCL14
33.35873344553276,-0.9468332997082735,0.32262912251762715,-2.93474219661166,0.0033382491641524275,0.0588475740732992,VWA1
30.986745794809583,-0.47338532463322053,0.17995485859262494,-2.6305781813029703,0.008523976124509504,0.09767177218015921,RBP5
31.729253663454994,-0.47002268053491875,0.16279460487845168,-2.887212883288452,0.003886711576067813,0.0636460723213729,IQSEC2
31.11977102324575,0.9270960424327028,0.35150477531279795,2.6375062518217463,0.008351808605101348,0.09671000759589006,KRT42P
31.098482912957795,-0.697657727198832,0.24486842901278016,-2.8491126030886567,0.004384136089643674,0.06772155207234457,GPR35
28.841164286816287,0.5797623433792222,0.18945494332122614,3.0601594934169594,0.0022121915033993427,0.047009069447236033,PLEKHA8P1
30.46277528240295,-0.7359183209313733,0.21574388558677865,-3.4110738245481578,0.0006470756904085832,0.024055000547694966,ZNF467
30.86723836683437,-0.5875935070378728,0.18347399260819372,-3.202598355684508,0.0013619378363488711,0.037246039089714786,SLC49A3
29.707561349474393,-0.5641511437767116,0.1793904004121155,-3.144823482642778,0.001661870695466133,0.04058485658673375,ARL8A
29.613809999593194,-0.4704268270579472,0.12074498405550257,-3.896036185169457,9.777978667809788e-05,0.00836683095901391,ATF5
29.002743001078017,-0.5919271782023123,0.22493092528975506,-2.6315953550619784,0.008498501487050433,0.0976179224863901,ACHE
29.628647221172596,-1.6260569751997074,0.42360762275707964,-3.8385923383918414,0.00012374167953820475,0.00935498995547245,SOD3
29.75470820351819,-0.5257384419489465,0.18946605571616118,-2.7748423851529083,0.005522846638238753,0.07621166942423162,TNFSF12
27.772710621991465,1.3329131503051448,0.394844904201484,3.375789167143404,0.0007360429912636323,0.026197538785352133,BSND
28.507901826383108,-1.295510249944901,0.45414030034430236,-2.8526652423551084,0.004335426562881094,0.06729968677325292,CCL20
28.98609259542743,-0.8757867512581726,0.30183090822744935,-2.901580744004554,0.003712850817183353,0.06204524877811714,TNFRSF6B
27.515549354774738,0.5109619369699232,0.17833976447865535,2.865103800398244,0.004168725697233859,0.06608416354437681,LOC114224
27.341059528284188,-0.6721248678872747,0.20775132093707135,-3.2352375178921906,0.0012154157869273179,0.0352627550727529,LOC105369194
28.17099885842863,-1.2582977470202221,0.42124235254094666,-2.987111194850498,0.002816272686146298,0.053164331320108685,ADRA2B
33.111353182963924,2.353895935702224,0.667004669291691,3.5290546589454697,0.00041704698311381856,0.01900888060714434,CALB1
26.075619416798563,0.591685745424249,0.22471611522194934,2.6330365529853004,0.008462523925368707,0.0973468827552472,FAM201A
25.507997420803175,0.5463005127278329,0.1951691513414708,2.7991130205409225,0.005124319795943672,0.07352183283869912,LOC107986699
26.861512845269374,-0.8744182032832726,0.2633819709854905,-3.3199622586598516,0.0009002961840596391,0.02950703530786974,COL4A2-AS1
26.21681962304564,1.0477861264338928,0.3957844883042382,2.6473653147024376,0.008112166677097193,0.09514613007521804,SNX31
26.868852704762798,-1.0337417388179562,0.3610343983024272,-2.8632776923156866,0.004192829209878977,0.06614968153989106,PRR7
25.602924019269338,0.5483990283273054,0.12533334589848855,4.375523723522638,1.2114126522500245e-05,0.0026095156104974843,LOC112267939
26.77466539577837,-0.9679640905333606,0.14559820972358845,-6.64818676253641,2.9672565353472875e-11,4.6660109018336097e-07,KANK3
26.807967984756328,-0.5426668751078771,0.17721228074825363,-3.0622419214771317,0.002196858231476903,0.04680975025741775,LOC105376025
26.466442628999058,-0.46910338544529195,0.17721251489216894,-2.647123346399853,0.008117973677325564,0.09514613007521804,ZNF513
25.126814576659573,0.43853892136446654,0.16380021140601128,2.6772793368224717,0.0074222725468354,0.08950554892560326,LOC105375981
24.563277274493213,-0.6782210912721499,0.2394894124664751,-2.8319460317148284,0.004626565671449118,0.07012891096776953,SHANK3
26.491572306041775,-1.2799961344328221,0.35441167252120653,-3.6116082896683723,0.0003043039666020928,0.015950599582726363,PTGDS
23.616887493393012,0.5634488226696744,0.21462917532937956,2.6252200885782684,0.008659297449593551,0.09855038206628969,DNA2
23.514594272946123,1.3763698225127088,0.4108780762258789,3.3498254157421967,0.0008086250955706683,0.02796256228101598,ZNF208
23.134827368633804,0.5284779127189864,0.19221995532933048,2.749339483580387,0.005971550280765442,0.07958911179998206,JPH1
23.805201210341085,-1.203533019496397,0.3836128230154297,-3.137363892155368,0.00170474403708966,0.04089434258697173,SMOC1
25.322377736792564,-1.501628728874615,0.494050418849281,-3.039424057917283,0.002370309535635112,0.048712335989066706,ITGA2B
22.241024163704786,0.5826760349802232,0.21128684684010945,2.757748736821091,0.005820091515359662,0.07876156547248768,TGFB2-OT1
23.33273690941877,-0.8599118085864734,0.29606456489487076,-2.9044739240976662,0.003678708453802644,0.06204524877811714,RIMS3
24.762081930199706,-0.6402476779750869,0.1913198242733291,-3.34647849697163,0.0008184502716880466,0.028010560550610162,TRNF
21.75864792716827,0.8828353974743932,0.3343695651423676,2.6402983091433585,0.008283308042673498,0.096129165292281,MMP16
23.808699467180624,-0.6795655854896893,0.2510362857213566,-2.7070412691015844,0.006788581784478912,0.08542535746348608,SLC2A4
23.312258470871654,-0.9314938850040867,0.3287756001066213,-2.833220849424364,0.004608153662288008,0.07008048001883842,LTB
22.849014310858458,-0.8122415721861307,0.23189689020512913,-3.5025979497510544,0.0004607443443365832,0.01995924191375419,CTSZ
21.88851985462886,0.40392456434025725,0.12644100715929135,3.1945693364447028,0.0014003964154338478,0.03764313441486711,GOLGA6L4
21.78373312818731,0.4126758671981696,0.15406276780857792,2.678621662249486,0.007392587054471066,0.0893612283213399,LOC105369228
22.526698612098848,-1.0151297377888493,0.2827958899914722,-3.5896198414321394,0.0003311605598287308,0.016907466893853217,GPR4
20.91292368579182,0.7444897213898104,0.24370332621710636,3.0549017649704617,0.0022513424987931742,0.04751994737385593,LOC107984459
22.80793699971941,-1.1039613872835623,0.39155804290132196,-2.8194067451751357,0.004811250879230578,0.07097272052148296,FAM89B
21.348874475153035,-0.5859703361311663,0.2102470193473114,-2.787056567794618,0.005318919334594168,0.07480206167850385,FXYD6-FXYD2
21.441665068667454,1.1259580114957917,0.3719007239762493,3.027576820656307,0.0024652304565522085,0.049446108328167704,HAP1
22.95729177797482,-1.114767281647069,0.3635206944970794,-3.066585475111171,0.0021651889336792283,0.04651310926517195,KRT87P
21.0673800614572,-1.1535609356067693,0.4099907969413019,-2.8136264135995326,0.004898612127790001,0.07165644252046303,SOX17
21.629456219761444,-1.409924212962587,0.28602199788692867,-4.929425790249756,8.247165472709844e-07,0.0004987949117629319,CLEC3B
20.315185364712505,0.7184825250848568,0.18553130470946608,3.872567630621522,0.00010769477872998122,0.008854239667202638,LOC100505716
20.235568832911387,-0.678764219739969,0.22184903603414546,-3.0595770523677115,0.0022164976343907353,0.04703701120215157,CORO6
20.85961145183073,-0.43049114697266716,0.12757508812795126,-3.374413870997343,0.0007397306018109184,0.026198792147470028,LOC107984263
20.146945270977817,-0.8708486778515626,0.229770251211809,-3.7900845442728297,0.00015059601869125486,0.010667217990630551,SLC26A1
19.517114558309125,0.8637562379781795,0.2915844283047357,2.9622852050091835,0.0030536478511631634,0.05551284677403555,KIF18A
20.413691463848345,-0.5678975406924295,0.15620099731266876,-3.63568447361232,0.00027724351056720916,0.015352399509376531,STIMATE-MUSTN1
20.06423897125143,-1.00758755152825,0.367570545698275,-2.7412086287113464,0.0061213625809080855,0.08072476938356038,LOC107985728
19.30647894847005,0.7341070170006823,0.2612911303432169,2.809536688200636,0.004961286407904765,0.07217042438880891,LOC105374181
20.240455708762042,-0.5492706273473333,0.18467595821303678,-2.974240029195954,0.002937152210935077,0.0542638983958331,TRNQ
19.561785967702804,-1.1539757634140886,0.27216486996836886,-4.239987929184998,2.2353180656111118e-05,0.004040273170314337,VWCE
19.493570143904844,-0.5459861092019327,0.20774808779231263,-2.6281161718694577,0.008585918838606264,0.09790687000513669,NDUFAF8
19.454470748132273,-1.1784883744933328,0.3007342939752342,-3.9187029816771832,8.902673897996508e-05,0.0077774748358886165,LAG3
19.58706162398981,-1.1321727315908836,0.40466510106791537,-2.797801759042399,0.005145168091235763,0.07368649201701492,NENF
19.146794076511753,-0.7478338020061295,0.2323918057574652,-3.2179869663158573,0.0012909368387313885,0.03611319190578333,CHST7
